timestamp,date,team,branch,new_register,new_reg_purchased,buy_value_new,existing_users,buy_value_existing,footfall,step_in,team_cost,merch_cost,merch_items,lat,lng,status,staff_in_charge
2026-08-18T01:57:39.709Z,2026-08-12,KPV Team,Wangthong,7,7,700000,12,468175000,120,20,,,,17.9757,102.6331,active,"[""ທ້າວ ຕາດຳ ສີສະນົນ (ຕາດຳ) "",""ນ ສຸດສະດາ ເເກ້ວວົງເພັດ (ເມ)"",""ນາງ ສານຝົນ ພົມມະເທດ (ອາເມ)""]"
2026-08-18T02:02:33.500Z,2026-08-13,KPV Team,Wangthong,6,6,600000,9,255428000,100,18,,,,0,0,active,"[""ນ ສຸດສະດາ ເເກ້ວວົງເພັດ (ເມ)"",""ນາງ ເພັດມະນີ ສົດສະຫວັນ (ເອື້ອຍນີ)"",""ທ້າວ ຕາດຳ ສີສະນົນ (ຕາດຳ) "",""ນາງ ສຸລິນຕະ ທຳມະວົງ(ຕະ)""]"
2026-08-18T02:25:46.863Z,2026-08-14,KPV Team,Wangthong,6,6,1400000,8,74900000,90,15,,,,0,0,active,"[""ນາງ ດາລຸນນີ ພົມມະວົງໄຊ(ເຈວລີ້)"",""ນາງ ເກສອນ ມະໄລທອງ (ນ້ອຍ)"",""ທ້າວ ຕາດຳ ສີສະນົນ (ຕາດຳ) "",""ນ ສຸດສະດາ ເເກ້ວວົງເພັດ (ເມ)""]"
2026-08-18T02:39:05.479Z,2026-08-17,KPV Team,Taladsao,4,4,500000,8,270685000,90,15,,,,0,0,active,"[""ນ ສຸດສະດາ ເເກ້ວວົງເພັດ (ເມ)"",""ທ້າວ ຕາດຳ ສີສະນົນ (ຕາດຳ) ""]"
2026-08-20T03:55:36.592Z,2026-08-19,KPV Team,Taladsao,4,4,800000,7,258150000,100,12,,,,17.96428775,102.6297687,active,"[""ທ້າວ ຕາດຳ ສີສະນົນ (ຕາດຳ) "",""ນ ສຸດສະດາ ເເກ້ວວົງເພັດ (ເມ)"",""ນາງ ເພັດມະນີ ສົດສະຫວັນ (ເອື້ອຍນີ)""]"
2026-08-24T01:56:50.198Z,2026-08-20,KPV Team,Taladsao,5,5,1300000,8,186880000,90,15,,,,0,0,active,"[""ນ ສຸດສະດາ ເເກ້ວວົງເພັດ (ເມ)"",""ທ້າວ ຕາດຳ ສີສະນົນ (ຕາດຳ) "",""ນາງ ທິບພະພອນ ທຳມະວົງສາ(ເບບີ)""]"
2026-08-24T02:02:17.779Z,2026-08-21,KPV Team,Taladsao,6,6,1000000,10,111800000,100,18,,,,0,0,active,"[""ນ ສຸດສະດາ ເເກ້ວວົງເພັດ (ເມ)"",""ນາງ ເກສອນ ມະໄລທອງ (ນ້ອຍ)""]"
2026-08-27T04:32:22.910Z,2026-08-24,KPV Team,ITECC,4,4,1700000,8,130800000,100,15,,,,0,0,active,"[""ທ້າວ ຕາດຳ ສີສະນົນ (ຕາດຳ) "",""ນ ສຸດສະດາ ເເກ້ວວົງເພັດ (ເມ)"",""ນາງ ເກສອນ ມະໄລທອງ (ນ້ອຍ)""]"
2026-08-27T04:36:35.828Z,2026-08-26,KPV Team,ITECC,3,3,300000,12,105157000,100,18,,,,0,0,active,"[""ທ້າວ ຕາດຳ ສີສະນົນ (ຕາດຳ) "",""ນ ສຸດສະດາ ເເກ້ວວົງເພັດ (ເມ)"",""ນາງ ດາລຸນນີ ພົມມະວົງໄຊ(ເຈວລີ້)""]"
